{
  "convergence_history": [],
  "logz_evolution": [],
  "acquisition_data": {
    "iterations": [
      1,
      2,
      3,
      4,
      5,
      6,
      7,
      8,
      9,
      10,
      11,
      12,
      13,
      14,
      15,
      16,
      17,
      18,
      19,
      20,
      21,
      22,
      23,
      24,
      25,
      26,
      27,
      28,
      29,
      30,
      31,
      32,
      33,
      34,
      35
    ],
    "values": [
      1.6653827193584911,
      1.312731184292113,
      7.916056972110217,
      5.976378984984507,
      5.092698573380828,
      6.63907871693358,
      4.4627474376075495,
      3.5538305625661795,
      3.558403986136066,
      1.8093336579442805,
      1.982248356194734,
      2.5403528465635175,
      2.518914320897827,
      1.971552696638719,
      4.522074094784472,
      1.0065891809709469,
      4.317568300768379,
      3.705452138928483,
      3.7301559287554733,
      3.1687461263775574,
      2.421326169402071,
      1.169432546476577,
      2.1247176958906335,
      1.299493702064911,
      0.414867164838858,
      0.4059982135380965,
      0.5824368978885585,
      0.16163687732861723,
      1.519844494361662,
      1.4746296946299493,
      0.428571868369283,
      0.06983934911238136,
      2.1154228545929357,
      0.14762366932426213,
      0.4801516463211864
    ],
    "functions": [
      "WIPStd",
      "WIPStd",
      "WIPStd",
      "WIPStd",
      "WIPStd",
      "WIPStd",
      "WIPStd",
      "WIPStd",
      "WIPStd",
      "WIPStd",
      "WIPStd",
      "WIPStd",
      "WIPStd",
      "WIPStd",
      "WIPStd",
      "WIPStd",
      "WIPStd",
      "WIPStd",
      "WIPStd",
      "WIPStd",
      "WIPStd",
      "WIPStd",
      "WIPStd",
      "WIPStd",
      "WIPStd",
      "WIPStd",
      "WIPStd",
      "WIPStd",
      "WIPStd",
      "WIPStd",
      "WIPStd",
      "WIPStd",
      "WIPStd",
      "WIPStd",
      "WIPStd"
    ]
  },
  "gp_hyperparams": {
    "iterations": [
      1,
      2,
      3,
      4,
      5,
      6,
      7,
      8,
      9,
      10,
      11,
      12,
      13,
      14,
      15,
      16,
      17,
      18,
      19,
      20,
      21,
      22,
      23,
      24,
      25,
      26,
      27,
      28,
      29,
      30,
      31,
      32,
      33,
      34,
      35
    ],
    "lengthscales": [
      [
        0.13489488333110233,
        2.897299220409333,
        2.276910467216822
      ],
      [
        0.3991817123105974,
        0.32564303352307084,
        0.3801851586539451
      ],
      [
        0.2829304805676515,
        0.2963619884929156,
        0.3658735698153005
      ],
      [
        0.34069164662748086,
        0.2880699696126533,
        0.33513797349916746
      ],
      [
        0.46380032233403395,
        0.24926027914382903,
        0.31392208185858195
      ],
      [
        0.4372190173273532,
        0.19309608170644585,
        0.31906993800192657
      ],
      [
        0.4515804052076508,
        0.19758223838740135,
        0.329879716372928
      ],
      [
        0.4490451152537528,
        0.20016189679193483,
        0.3398015591886864
      ],
      [
        0.4538125650814727,
        0.20559572106665291,
        0.3405767117846693
      ],
      [
        0.45359708912721786,
        0.2074500614252562,
        0.33782966168451467
      ],
      [
        0.41486510331490045,
        0.15321662737697817,
        0.3374431319577011
      ],
      [
        0.42011812241901725,
        0.15384124467252616,
        0.351621185110901
      ],
      [
        0.4205019651617664,
        0.1477963981486122,
        0.3295589923411627
      ],
      [
        0.16811364734258794,
        0.25080282695207196,
        0.47234906689359096
      ],
      [
        0.17111416214141625,
        0.2353878586961877,
        0.4608373455360518
      ],
      [
        0.3228616329262681,
        0.16847948683039882,
        0.2568648004305837
      ],
      [
        0.19333121714278143,
        0.2062449055750574,
        0.34108614056933373
      ],
      [
        0.19380973624416176,
        0.2071645972082746,
        0.3432604969905443
      ],
      [
        0.24004771845309483,
        0.06277737092627629,
        5.0
      ],
      [
        0.24280213398510964,
        0.06265161845140493,
        5.0
      ],
      [
        0.16529169232481566,
        0.21373751348452885,
        0.4322145823490005
      ],
      [
        0.3714932465105384,
        0.13738631564961862,
        0.37331372156612463
      ],
      [
        0.4136458437409824,
        0.1325202951311201,
        0.3806752590447044
      ],
      [
        0.40988635019017466,
        0.13269531920303992,
        0.37603931490592135
      ],
      [
        0.46166269340990007,
        0.13070526868347093,
        0.37568734989968533
      ],
      [
        0.4318724800755698,
        0.1339579350431433,
        0.3604606526819355
      ],
      [
        0.3569849599830134,
        0.13365363654871154,
        0.34097127417947093
      ],
      [
        0.439533575807951,
        0.13104383792225133,
        0.3121427334433561
      ],
      [
        0.43883823587961224,
        0.12924481699619209,
        0.3178566068919638
      ],
      [
        0.4389951442499321,
        0.12716781348820144,
        0.3039225303313607
      ],
      [
        0.4306705046998181,
        0.11694295990112505,
        0.297427001004635
      ],
      [
        0.42805914681027035,
        0.12281946254512964,
        0.2882090390220449
      ],
      [
        0.42215572945485225,
        0.12298497446078498,
        0.29116719685264086
      ],
      [
        0.415658349977445,
        0.12269761207329771,
        0.2969710166196413
      ],
      [
        0.4081869797725977,
        0.12239461308894918,
        0.30165336715478214
      ]
    ],
    "kernel_variances": [
      1.6828790613390845,
      1.3363047056482484,
      1.0707137607922113,
      1.0716285719785212,
      1.302522996739478,
      1.1500809875643567,
      1.2237159696977333,
      1.258810638021276,
      1.2953831529259527,
      1.3085367498861962,
      1.2147948748988286,
      1.2653660332028906,
      1.2512018836361882,
      0.8955407954979892,
      0.8823086001139405,
      0.9044720037809064,
      0.9331520259854879,
      0.9449247306673375,
      0.8436505922465214,
      0.8794458790707012,
      1.0124153140348175,
      1.172338143550646,
      1.31756376147863,
      1.3070182533566372,
      1.4779672810236324,
      1.4662079246147726,
      1.2723179136613938,
      1.485686471631955,
      1.4929783945521693,
      1.4413985384409036,
      1.3131378350471938,
      1.35387858886363,
      1.352364975841526,
      1.3577602138320946,
      1.3539465637730395
    ]
  },
  "best_loglike_data": {
    "iterations": [
      1,
      2,
      3,
      4,
      5,
      6,
      7,
      8,
      9,
      10,
      11,
      12,
      13,
      14,
      15,
      16,
      17,
      18,
      19,
      20,
      21,
      22,
      23,
      24,
      25,
      26,
      27,
      28,
      29,
      30,
      31,
      32,
      33,
      34,
      35
    ],